Aa en Hunze;25386
Aagtekerke;
Aalburg;
Aalsmeer;31728
Aalten;27011
Ter Aar;
Aardenburg;
Aarle-Rixtel;
Abbekerk;
Abbenbroek;
Abcoude;
Achtkarspelen;27852
Adorp;
Aduard;
Akersloot;
Alblasserdam;20069
Albrandswaard;25271
Alkemade;
Alkmaar;108558
Almelo;72849
Almere;207904
Almkerk;
Alphen aan den Rijn;110986
Alphen en Riel;
Alphen-Chaam;10149
Altena;55386
Ambt Delden;
Ambt Montfort;
Amby;
Ameide;
Ameland;3673
Amerongen;
Amersfoort;156286
Ammerstol;
Ammerzoden;
Amstelveen;90838
Amstenrade;
Amsterdam;862965
Andel;
Andijk;
Angerlo;
Ankeveen;
Anloo;
Anna Paulowna;
Apeldoorn;162445
Appeltern;
Appingedam;11721
Arcen en Velden;
Arkel;
Arnemuiden;
Arnhem;159265
Asperen;
Assen;67963
Assendelft;
Asten;16710
Avenhorn;
Avereest;
Axel;
Baarderadeel;
Baarland;
Baarle-Nassau;6847
Baarn;24767
Baexem;
Baflo;
Bakel en Milheeze;
Bangert;
Barendrecht;48673
Barneveld;57971
Barradeel;
Barsingerhorn;
Barwoutswaarder;
Batenburg;
Bathmen;
Bedum;
Beegden;
Beek (L.);15929
Beek en Donk;
Beekdaelen;35727
Beemster;9748
Beers;
Beerta;
Beesd;
Beesel;13519
Beets;
Beilen;
Belfeld;
Bellingwedde;
Bellingwolde;
Bemelen;
Bemmel;
Bennebroek;
Benschop;
Benthuizen;
Berg en Dal;34798
Berg en Terblijt;
Bergambacht;
Bergeijk;18491
Bergen (L.);13140
Bergen (NH.);29974
Bergen op Zoom;66811
Bergeyk;
Bergh;
Bergharen;
Berghem;
Bergschenhoek;
Berkel en Rodenrijs;
Berkel-Enschot;
Berkelland;43904
Berkenwoude;
Berkhout;
Berlicum;
Bernheze;30806
Bernisse;
Best;29821
Beuningen;25882
Beusichem;
Beverwijk;41176
Bierum;
Biervliet;
Biggekerke;
het Bildt;
De Bilt;42824
Bingelrade;
Binnenmaas;
Bladel;20175
Bladel en Netersel;
Blankenham;
Blaricum;11202
Bleiswijk;
Bleskensgraaf en Hofwege;
Bloemendaal;23410
Blokker;
Blokzijl;
Boarnsterhim;
Bocholtz;
Bodegraven;
Bodegraven-Reeuwijk;34462
Boekel;10588
Ten Boer;
Bolsward;
Den Bommel;
Boornsterhem;
Borculo;
Borger;
Borger-Odoorn;25372
Borgharen;
Born;
Borne;23210
Borsele;22800
Borssele;
Boskoop;
Bovenkarspel;
Boxmeer;29065
Boxtel;30747
Brakel;
Brandwijk;
Breda;183873
Brederwiede;
Breskens;
Breukelen;
Brielle;17182
Broek in Waterland;
Broekhuizen;
Bronckhorst;36212
Brouwershaven;
Bruinisse;
Brummen;20698
Brunssum;28103
Budel;
Bunde;
Bunnik;15192
Bunschoten;21576
Buren;26568
Burgh;
Bussum;
Buurmalsen;
Cadier en Keer;
Cadzand;
Callantsoog;
Capelle aan den IJssel;66818
Castricum;35772
Chaam;
Clinge;
Coevorden;35483
Cothen;
Cranendonck;20440
Cromstrijen;
Cuijk;24931
Cuijk en Sint Agatha;
Culemborg;28555
Dalen;
Dalfsen;28499
Dantumadeel;
Dantumadiel;18923
Deil;
Delft;103163
Delfzijl;24716
Denekamp;
Deurne;32362
Deventer;99957
Didam;
Diemen;29196
Diepenheim;
Diepenveen;
Diessen;
Diever;
Dinkelland;26350
Dinteloord en Prinsenland;
Dinther;
Dinxperlo;
Dirksland;
Dodewaard;
Doesburg;11148
Doetinchem;57555
Dokkum;
Domburg;
Dongen;26051
Dongeradeel;
Doniawerstal;
Doorn;
Doornspijk;
Dordrecht;118654
Drechterland;19597
Dreischor;
Dreumel;
Driebergen-Rijsenburg;
Driebruggen;
Driewegen;
Drimmelen;27150
Dronten;40815
Drunen;
Druten;18797
Dubbeldam;
Duiveland;
Duiven;25332
Duivendijke;
Den Dungen;
Dussen;
Dwingeloo;
Echt;
Echteld;
Echt-Susteren;31638
Edam;
Edam-Volendam;36099
Ede;115710
Eelde;
Eemnes;9113
Eemsmond;
Eenrum;
Eersel;19110
Eethen;
Egmond;
Egmond aan Zee;
Egmond-Binnen;
Eibergen;
Eijgelshoven;
Eijsden;
Eijsden-Margraten;25658
Eindhoven;231642
Elburg;23086
Elkerzee;
Ellemeet;
Ellewoutsdijk;
Elsloo;
Elst;
Elten;
Emmen;107113
Empel en Meerwijk;
Engelen;
Enkhuizen;18507
Enschede;158986
Epe;33145
Ermelo;26858
Erp;
Esch;
Est en Opijnen;
Etten en Leur;
Etten-Leur;43774
Everdingen;
Ewijk;
Ezinge;
Ferwerderadeel;
Ferwerderadiel;
Fijnaart en Heijningen;
Finsterwolde;
Franeker;
Franekeradeel;
De Friese Meren;
De Fryske Marren;51430
Gaasterland;
Gaasterlân-Sleat;
Gasselte;
Geertruidenberg;21515
Geervliet;
Geffen;
Geldermalsen;
Geldrop;
Geldrop-Mierlo;39595
Geleen;
Gemert;
Gemert-Bakel;30447
Gendringen;
Gendt;
Genemuiden;
Gennep;17071
Geulle;
Giessen;
Giessenburg;
Giessenlanden;
Gieten;
Giethoorn;
Gilze en Rijen;26431
Goedereede;
Goeree-Overflakkee;49611
Goes;37653
Goirle;23793
Gooise Meren;57715
Goor;
Gorinchem;36682
Gorssel;
Gouda;73181
Gouderak;
Goudriaan;
Goudswaard;
Graafstroom;
Graauw en Langendam;
Graft;
Graft-De Rijp;
Gramsbergen;
Grathem;
Grave;12483
's-Graveland;
's-Gravendeel;
's-Gravenhage (gemeente);537833
's-Gravenmoer;
's-Gravenpolder;
's-Gravenzande;
Grevenbicht;
Grijpskerk;
Grijpskerke;
Groede;
Groenlo;
Groesbeek;
Groningen (gemeente);231299
Gronsveld;
Groot-Ammers;
Grootebroek;
Grootegast;
Grubbenvorst;
Gulpen;
Gulpen-Wittem;14246
Haaften;
Haaksbergen;24277
Haamstede;
Haaren;14195
Haarlem;161265
Haarlemmerliede en Spaarnwoude;
Haarlemmermeer;154235
Haastrecht;
Haelen;
Hagestein;
Halderberge;30194
Halsteren;
Den Ham;
Haps;
Hardenberg;60574
Harderwijk;47581
Hardinxveld-Giessendam;18051
Haren;
Harenkarspel;
Harlingen;15758
Harmelen;
Haskerland;
Hasselt;
Hattem;12173
Havelte;
Hazerswoude;
Hedel;
Heel;
Heel en Panheel;
Heemskerk;39164
Heemstede;27286
Heenvliet;
Heer;
's-Heer-Abtskerke;
's-Heer-Arendskerke;
Heerde;18546
's-Heerenhoek;
Heerenveen;50257
Heerewaarden;
Heerhugowaard;56742
Heerjansdam;
Heerlen;86832
Heesch;
Heeswijk;
Heeswijk-Dinther;
Heeze;
Heeze-Leende;15964
Hefshuizen;
Hei- en Boeicop;
Heiloo;23464
Heinenoord;
Heinkenszand;
Heino;
Hekelingen;
Hekendorp;
Helden;
Den Helder;55604
Hellendoorn;35808
Hellevoetsluis;40049
Helmond;91524
Helvoirt;
Hemelumer Oldeferd;
Hendrik-Ido-Ambacht;30966
Hengelo (Gld.);
Hengelo (O.);80683
Hennaarderadeel;
Hensbroek;
Herkingen;
Herten;
's-Hertogenbosch;154205
Herwen en Aerdt;
Herwijnen;
Heteren;
Heukelum;
Heumen;16486
Heusden;44135
Heythuysen;
Hillegom;21966
Hilvarenbeek;15334
Hilversum;90238
Hindeloopen;
Hoedekenskerke;
Hoek;
Hoeksche Waard;86656
Hoenkoop;
Hoensbroek;
Hoevelaken;
Hoeven;
Hof van Twente;34940
Het Hogeland;47888
Hollands Kroon;47815
Holten;
Hontenisse;
Hoofdplaat;
Hoogblokland;
Hooge en Lage Mierde;
Hooge en Lage Zwaluwe;
Hoogeloon, Hapert en Casteren;
Hoogeveen;55662
Hoogezand-Sappemeer;
Hoogkarspel;
Hoogkerk;
Hoogland;
Hoogwoud;
Hoorn;73004
Hoornaar;
Horn;
Horssen;
Horst;
Horst aan de Maas;42291
Houten;49911
Huijbergen;
Huissen;
Huizen;41273
Hulsberg;
Hulst;27524
Hummelo en Keppel;
Hunsel;
Idaarderadeel;
IJlst;
IJsselham;
IJsselmuiden;
IJsselstein;34160
IJzendijke;
Ilpendam;
Itteren;
Jabeek;
Jacobswoude;
Jisp;
Jutphaas;
Kaag en Braassem;26866
Kamerik;
Kampen;53779
Kantens;
Kapelle;12785
Kattendijke;
Katwijk;65302
Katwoude;
Kedichem;
Kerkrade;45642
Kerkwerve;
Kerkwijk;
Kessel;
Kesteren;
Klaaswaal;
Klimmen;
Kloetinge;
Kloosterburen;
Klundert;
Kockengen;
Koedijk;
Koewacht;
Koggenland;22738
Kollumerland en Nieuwkruisland;
Koog aan de Zaan;
Korendijk;
Kortenhoef;
Kortgene;
Koudekerk aan den Rijn;
Koudekerke;
Krabbendijke;
Krimpen aan de Lek;
Krimpen aan den IJssel;29376
Krimpenerwaard;56048
Krommenie;
Kruiningen;
Kuinre;
Kwadijk;
Laarbeek;22333
Landerd;15529
Landgraaf;37591
Landsmeer;11488
Langbroek;
Lange Ruige Weide;
Langedijk;27992
Langerak;
Lansingerland;61601
Laren (Gld.);
Laren (NH.);11195
Leek;
Leende;
Leens;
Leerbroek;
Leerdam;
Leersum;
Leeuwarden;123107
Leeuwarderadeel;
Leiden;124899
Leiderdorp;27109
Leidschendam;
Leidschendam-Voorburg;75425
Leimuiden;
Lekkerkerk;
Lelystad;77893
Lemsterland;
Leudal;35681
Leusden;30030
Lexmond;
Lichtenvoorde;
Liemeer;
Liempde;
Lienden;
De Lier;
Lieshout;
Liesveld;
Limbricht;
Limmen;
Lingewaal;
Lingewaard;46475
Linne;
Linschoten;
Lisse;22800
Lith;
Littenseradeel;
Littenseradiel;
Lochem;33590
Loenen;
Loenersloot;
Loon op Zand;23327
Loosdrecht;
Lopik;14473
Loppersum;9614
Losser;22622
Luyksgestel;
Maarheeze;
Maarn;
Maarssen;
Maartensdijk;
Maasbracht;
Maasbree;
Maasdam;
Maasdonk;
Maasdriel;24693
Maasgouw;23716
Maasland;
Maassluis;32768
Maastricht;121565
Made;
Made en Drimmelen;
Margraten;
Mariekerke;
Markelo;
Marken;
De Marne;
Marum;
Maurik;
Medemblik;44809
Meeden;
Meerkerk;
Meerlo;
Meerlo-Wanssum;
Meerssen;18923
Megen, Haren en Macharen;
Meierijstad;80815
Meijel;
Melick en Herkenbosch;
Meliskerke;
Melissant;
Menaldumadeel;
Menameradiel;
Menterwolde;
Meppel;33564
Merkelbeek;
Mheer;
Middelburg (Z.);48544
Middelharnis;
Middelie;
Middelstum;
Midden-Delfland;19391
Midden-Drenthe;33178
Midden-Groningen;60899
Middenschouwen;
Middenveld;
Midwolda;
Midwoud;
Mierlo;
Mijdrecht;
Mijnsheerenland;
Mill en Sint Hubert;10891
Millingen aan de Rijn;
Moerdijk;36961
Moergestel;
Moerhuizen;
Moerkapelle;
Molenaarsgraaf;
Molenlanden;43858
Molenwaard;
Monnickendam;
Monster;
Montferland;36026
Montfoort;13996
Montfort;
Mook en Middelaar;7806
Moordrecht;
Muiden;
Munstergeleen;
Muntendam;
Naaldwijk;
Naarden;
Neder-Betuwe;24034
Nederhorst den Berg;
Nederlek;
Nederweert;17001
Neede;
Neer;
Neerijnen;
Nibbixwoud;
Niedorp;
Nieuw- en Sint Joosland;
Nieuw-Beijerland;
Nieuwe Pekela;
Nieuwe Tonge;
Nieuwegein;63036
Nieuwenhagen;
Nieuwe-Niedorp;
Nieuwer-Amstel;
Nieuwerkerk;
Nieuwerkerk aan den IJssel;
Nieuweschans;
Nieuw-Ginneken;
Nieuwkoop;28628
Nieuwland;
Nieuw-Lekkerland;
Nieuwleusen;
Nieuwolda;
Nieuwpoort;
Nieuwstadt;
Nieuwveen;
Nieuwvliet;
Nieuw-Vossemeer;
Nigtevecht;
Nijefurd;
Nijeveen;
Nijkerk;42943
Nijmegen;176731
Nisse;
Nissewaard;84797
Nistelrode;
Noardeast-Fryslân;45181
Noorbeek;
Noord-Beveland;7308
Noordbroek;
Noorddijk;
Noordeloos;
Noordenveld;31290
Noorder-Koggenland;
Noordgouwe;
De Noordoostelijke Polder;
Noordoostpolder;46849
Noordwelle;
Noordwijk;42859
Noordwijkerhout;
Nootdorp;
Norg;
Nuenen, Gerwen en Nederwetten;23186
Nuland;
Numansdorp;
Nunspeet;27481
Nuth;
Obbicht en Papenhoven;
Obdam;
Odijk;
Odoorn;
Oeffelt;
Oegstgeest;24426
Ohé en Laak;
Oirsbeek;
Oirschot;18623
Oisterwijk;26140
Oldambt;38129
Oldebroek;23598
Oldehove;
Oldekerk;
Oldemarkt;
Oldenzaal;31840
Olst;
Olst-Wijhe;18071
Ommen;17813
Onderbanken;
Onstwedde;
Ooltgensplaat;
Oost Gelre;29704
Oost- en West-Souburg;
Oost-, West- en Middelbeers;
Oostburg;
Oostdongeradeel;
Oosterbroek;
Oosterhesselen;
Oosterhout;55616
Oosterland;
Oostflakkee;
Oosthuizen;
Oostkapelle;
Ooststellingwerf;25497
Oostvoorne;
Oostzaan;9757
Ootmarsum;
Openbaar Lichaam Z.IJ.P.;
Ophemert;
Oploo, Sint Anthonis en Ledeacker;
Opmeer;11779
Opperdoes;
Opsterland;29723
Oss;91451
Ossendrecht;
Oterleek;
Ottersum;
Ottoland;
Oud en Nieuw Gastel;
Oud-Alblas;
Oud-Beijerland;
Ouddorp;
Oude IJsselstreek;39473
Oude Pekela;
Oudelande;
Oudenbosch;
Oudendijk;
Oudenhoorn;
Oude-Niedorp;
Ouder-Amstel;13916
Ouderkerk;
Ouderkerk aan den IJssel;
Oude-Tonge;
Oudewater;10201
Oudorp;
Oud-Vossemeer;
Ouwerkerk;
Overasselt;
Overbetuwe;47543
Overslag;
Ovezande;
Pannerden;
Papekop;
Papendrecht;32290
Peel en Maas;43311
Peize;
Pekela;12214
Philippine;
Piershil;
Pijnacker;
Pijnacker-Nootdorp;54331
Polsbroek;
Poortugaal;
Poortvliet;
Posterholt;
Prinsenbeek;
Purmerend;80117
Putte;
Putten;24198
Puttershoek;
Raalte;37511
Raamsdonk;
Rauwerderhem;
Ravenstein;
Reeuwijk;
Reiderland;
Reimerswaal;22678
Renesse;
Renkum;31302
Renswoude;5259
Retranchement;
Reusel;
Reusel-De Mierden;13060
Rheden;43640
Rhenen;20004
Rhoon;
Ridderkerk;46241
Riethoven;
Rietveld;
Rijneveld;
Rijnsaterwoude;
Rijnsburg;
Rijnwaarden;
Rijnwoude;
De Rijp;
Rijsbergen;
Rijssen;
Rijssen-Holten;38300
Rijswijk (NB.);
Rijswijk (ZH.);53467
Rilland-Bath;
Ritthem;
Rockanje;
Roden;
Roerdalen;20615
Roermond;58209
Roggel;
Roggel en Neer;
Rolde;
De Ronde Venen;44059
Roosendaal;77032
Roosendaal en Nispen;
Roosteren;
Rosmalen;
Rossum;
Rotterdam;644618
Rozenburg;
Rozendaal;1654
Rucphen;22572
Ruinen;
Ruinerwold;
Ruurlo;
Ruwiel;
Sas van Gent;
Sassenheim;
Schaesberg;
Schagen;46553
Schaijk;
Schalkwijk;
Scharsterland;
Scheemda;
Schellinkhout;
Schelluinen;
Schermer;
Schermerhorn;
Scherpenisse;
Scherpenzeel;9873
Schiedam;77999
Schiermonnikoog;936
Schijndel;
Schimmert;
Schinnen;
Schinveld;
Schipluiden;
Schoondijke;
Schoonebeek;
Schoonhoven;
Schoonrewoerd;
Schoorl;
Schouwen-Duiveland;33779
Serooskerke (Schouwen-Duivenland);
Serooskerke (Walcheren);
Sevenum;
Sijbekarspel;
Simpelveld;10516
Sint Anthonis;11606
Sint Geertruid;
Sint Jansteen;
Sint Laurens;
Sint Maarten;
Sint Odilienberg;
Sint Pancras;
Sint Philipsland;
Sint-Annaland;
Sint-Maartensdijk;
Sint-Michielsgestel;28991
Sint-Oedenrode;
Sittard;
Sittard-Geleen;92661
Skarsterlân;
Sleen;
Slenaken;
Sliedrecht;25026
Slochteren;
Sloten (F.);
Sluis;23386
Sluis (oud);
Sluis-Aardenburg;
Smallingerland;55938
Smilde;
Sneek;
Snelrewaard;
Soest;46194
Someren;19322
Sommelsdijk;
Son en Breugel;16904
Spaubeek;
Spijkenisse;
Sprang-Capelle;
St. Anthonis;
Stad aan 't Haringvliet;
Stad Delden;
Stadskanaal;31789
Standdaarbuiten;
Staphorst;17003
Stavenisse;
Stavoren;
Stede Broec;21706
Stedum;
Steenbergen;25054
Steenbergen en Kruisland;
Steenderen;
Steenwijk;
Steenwijkerland;43940
Steenwijkerwold;
Stein (L.);24961
Stellendam;
Stevensweert;
Stichtse Vecht;64336
Stiphout;
Stolwijk;
Stoutenburg;
Stramproy;
Streefkerk;
Strijen;
Súdwest-Fryslân;89710
Susteren;
Swalmen;
Tegelen;
Terheijden;
Termunten;
Terneuzen;54589
Terschelling;4890
Teteringen;
Texel;13547
Teylingen;37061
Tholen;25780
Thorn;
Tiel;41978
Tienhoven (ZH.);
Tietjerksteradeel;
Tilburg;217259
Tubbergen;21276
Tudderen (Drostambt);
Tull en 't Waal;
Twenterand;33792
Twisk;
Tynaarlo;33698
Tytsjerksteradiel;31780
Ubach over Worms;
Ubbergen;
Uden;41782
Udenhout;
Uitgeest;13528
Uithoorn;29424
Uithuizen;
Uithuizermeeden;
Ulestraten;
Ulrum;
Urk;20776
Urmond;
Ursem;
Usquert;
Utingeradeel;
Utrecht (gemeente);352866
Utrechtse Heuvelrug;49515
Vaals;10092
Valburg;
Valkenburg (ZH.);
Valkenburg aan de Geul;16470
Valkenburg-Houthem;
Valkenisse;
Valkenswaard;30910
Varik;
Veen;
Veendam;27491
Veenendaal;65589
Veere;21835
Veghel;
Veldhoven;45337
Velsen;68348
Venhuizen;
Venlo;101603
Venray;43326
Vessem, Wintelre en Knegsel;
Vianen;
Vierlingsbeek;
Vierpolders;
Vijfheerenlanden;55712
Vinkeveen en Waverveen;
Vlaardingen;72404
Vlagtwedde;
Vledder;
Vleuten-De Meern;
Vlieland;1138
Vlijmen;
Vlissingen;44371
Vlist;
Vlodrop;
Voerendaal;12452
Vogelwaarde;
Vollenhove;
Voorburg;
Voorhout;
Voorschoten;25479
Voorst;24417
Vorden;
Vreeland;
Vreeswijk;
Vries;
Vriezenveen;
Vrouwenpolder;
Vught;26396
Vuren;
Waadhoeke;46039
Waalre;17247
Waalwijk;48240
Waarde;
Waardenburg;
Waarder;
Waddinxveen;28316
Wageningen;38774
Wamel;
Wanneperveen;
Wanroij;
Wanssum;
Warder;
Warffum;
Warmenhuizen;
Warmond;
Warnsveld;
Waspik;
Wassenaar;26211
Wateringen;
Waterland;17315
Waterlandkerkje;
Wedde;
Weerselo;
Weert;49842
Weesp;19334
Weesperkarspel;
Wehl;
Wemeldinge;
Werkendam;
Werkhoven;
Wervershoof;
Wessem;
West Betuwe;50697
West Maas en Waal;19076
Westdongeradeel;
Westdorpe;
Westerbork;
Westerhoven;
Wester-Koggenland;
Westerkwartier;63031
Westerschouwen;
Westerveld;19348
Westervoort;14944
Westerwolde;25199
Westkapelle;
Westland;108603
Westmaas;
Weststellingwerf;25840
Westvoorne;14626
Westwoud;
Westzaan;
Wierden;24351
Wieringen;
Wieringermeer;
Wieringerwaard;
Wijchen;40951
Wijdemeren;24013
Wijdenes;
Wijdewormer;
Wijhe;
De Wijk;
Wijk bij Duurstede;23762
Wijk en Aalburg;
Wijlre;
Wijnandsrade;
Wijngaarden;
Wildervank;
Willemstad;
Willeskop;
Wilnis;
Winkel;
Winschoten;
Winsum;
Winterswijk;28903
Wisch;
Wissenkerke;
Wittem;
Woensdrecht;21866
Woerden;52197
Wognum;
De Wolden;24110
Wolphaartsdijk;
Wonseradeel;
Workum;
Wormer;
Wormerland;16329
Wormerveer;
Woubrugge;
Woudenberg;13166
Woudrichem;
Wouw;
Wûnseradiel;
Wymbritseradeel;
Wymbritseradiel;
Yerseke;
Zaamslag;
Zaandam;
Zaandijk;
Zaanstad;155885
Zaltbommel;28451
't Zandt;
Zandvoort;17011
Zederik;
Zeeland;
Zeevang;
Zeewolde;22309
Zegveld;
Zeist;63934
Zelhem;
Zevenaar;43488
Zevenbergen;
Zevenhoven;
Zevenhuizen;
Zevenhuizen-Moerkapelle;
Zierikzee;
Zijpe;
Zoelen;
Zoetermeer;124944
Zoeterwoude;8450
Zonnemaire;
Zoutelande;
Zuid- en Noord-Schermer;
Zuid-Beijerland;
Zuidbroek (Gr.);
Zuiddorpe;
Zuidhorn;
Zuidland;
Zuidlaren;
Zuidplas;42762
Zuidwolde;
Zuidzande;
Zundert;21612
Zutphen;47609
Zwaag;
Zwammerdam;
Zwartewaal;
Zwartewaterland;22503
Zwartsluis;
Zweeloo;
Zwijndrecht;44639
Zwolle;127497
Zwollerkerspel;
